{
  "scenario": "s7_research_notes",
  "sut_id": "claude_code_haiku45_s7",
  "n_sessions": 10,
  "m0": 1.0,
  "m_final": 0.5833333333333333,
  "half_life": 1.0,
  "decay_slope": -0.013961038961038967,
  "checkpoints": [
    [
      0,
      1.0
    ],
    [
      1,
      0.42857142857142855
    ],
    [
      2,
      1.0
    ],
    [
      3,
      1.0
    ],
    [
      4,
      0.375
    ],
    [
      5,
      0.75
    ],
    [
      6,
      0.8571428571428571
    ],
    [
      7,
      0.5
    ],
    [
      8,
      1.0
    ],
    [
      9,
      0.5833333333333333
    ]
  ],
  "headline_metric": "recall_accuracy",
  "recall_curve": [
    [
      0,
      1.0
    ],
    [
      1,
      0.42857142857142855
    ],
    [
      2,
      1.0
    ],
    [
      3,
      1.0
    ],
    [
      4,
      0.375
    ],
    [
      5,
      0.75
    ],
    [
      6,
      0.8571428571428571
    ],
    [
      7,
      0.5
    ],
    [
      8,
      1.0
    ],
    [
      9,
      0.5833333333333333
    ]
  ],
  "task_curve": [
    [
      0,
      1.0
    ],
    [
      1,
      1.0
    ],
    [
      2,
      1.0
    ],
    [
      3,
      1.0
    ],
    [
      4,
      1.0
    ],
    [
      5,
      1.0
    ],
    [
      6,
      1.0
    ],
    [
      7,
      1.0
    ],
    [
      8,
      1.0
    ],
    [
      9,
      1.0
    ]
  ],
  "pytest_curve": [
    [
      0,
      1.0
    ],
    [
      1,
      1.0
    ],
    [
      2,
      1.0
    ],
    [
      3,
      1.0
    ],
    [
      4,
      1.0
    ],
    [
      5,
      1.0
    ],
    [
      6,
      1.0
    ],
    [
      7,
      1.0
    ],
    [
      8,
      1.0
    ],
    [
      9,
      1.0
    ]
  ],
  "workspace_fidelity_curve": [
    [
      0,
      1.0
    ],
    [
      1,
      0.9333333333333333
    ],
    [
      2,
      0.9473684210526315
    ],
    [
      3,
      0.95
    ],
    [
      4,
      0.8518518518518519
    ],
    [
      5,
      0.8709677419354839
    ],
    [
      6,
      0.868421052631579
    ],
    [
      7,
      0.875
    ],
    [
      8,
      0.8837209302325582
    ],
    [
      9,
      0.8333333333333334
    ]
  ],
  "per_session": [
    {
      "session": 0,
      "task_prompt_tokens": 0,
      "task_score_coarse": 1.0,
      "pytest_pass_rate": 1.0,
      "pytest_passed": 3,
      "pytest_failed": 0,
      "pytest_total": 3,
      "probe_recall": 1.0,
      "workspace_fidelity": 1.0,
      "elapsed_s": 86.13824701309204,
      "probe_details": [
        {
          "id": "s0_p1",
          "metric_tag": "recall",
          "probe_type": "compare",
          "chain_depth": 1,
          "score": 1.0,
          "num_turns": 5,
          "response_text": "Based on the current note schema in `notes/models.py`, the fields are:\n\n```\nid\ntitle\nbody\ntags\ncitation\n```"
        },
        {
          "id": "s0_p2",
          "metric_tag": "recall",
          "probe_type": "standalone",
          "chain_depth": 1,
          "score": 1.0,
          "num_turns": 3,
          "response_text": "Based on my project memory, I chose **Click** for CLI command parsing in the `notes` CLI project. \n\nClick is listed as the primary dependency in the project's `pyproject.toml`, and the entire CLI structure (`notes.cli:cli`) is built on Click. This makes sense for this project because Click provides:"
        }
      ],
      "m_recall": 1.0,
      "m_compression": 1.0,
      "m_interference": null,
      "m_revision_explicit": null,
      "m_revision_latent_abs_err": null,
      "probe_turns_mean": 4.0,
      "probe_turns_max": 5,
      "probe_turns_when_correct": 4.0,
      "probe_turns_when_wrong": null
    },
    {
      "session": 1,
      "task_prompt_tokens": 0,
      "task_score_coarse": 1.0,
      "pytest_pass_rate": 1.0,
      "pytest_passed": 7,
      "pytest_failed": 0,
      "pytest_total": 7,
      "probe_recall": 0.42857142857142855,
      "workspace_fidelity": 0.9333333333333333,
      "elapsed_s": 67.94894576072693,
      "probe_details": [
        {
          "id": "s1_p3",
          "metric_tag": "accumulator",
          "probe_type": "synthesize",
          "chain_depth": 2,
          "score": 0.8571428571428571,
          "num_turns": 2,
          "response_text": "Based on the memory file, the notes CLI currently supports **5 commands**:\n\n1. `add`\n2. `ls`\n3. `show`\n4. `rm`\n5. `search`\n\nThese commands work with JSON file storage where each note is stored as a separate JSON file in the `notes_data/` directory."
        },
        {
          "id": "s1_p4",
          "metric_tag": "recall",
          "probe_type": "standalone",
          "chain_depth": 1,
          "score": 0.0,
          "num_turns": 1,
          "response_text": "Based on the system instructions provided to me:\n\n**Location:** `notes/` directory in the current workspace\n\n**File format:** Markdown (`.md` files)\n\n**Examples:** \n- `notes/dining.md`\n- `notes/contacts.md`\n\nI use this directory to persist personal information, preferences, and facts about you that "
        }
      ],
      "m_accumulator": 0.8571428571428571,
      "m_recall": 0.0,
      "m_compression": 0.9333333333333333,
      "m_interference": null,
      "m_revision_explicit": null,
      "m_revision_latent_abs_err": 0.0,
      "probe_turns_mean": 1.5,
      "probe_turns_max": 2,
      "probe_turns_when_correct": 2.0,
      "probe_turns_when_wrong": 1.0
    },
    {
      "session": 2,
      "task_prompt_tokens": 0,
      "task_score_coarse": 1.0,
      "pytest_pass_rate": 1.0,
      "pytest_passed": 9,
      "pytest_failed": 0,
      "pytest_total": 9,
      "probe_recall": 1.0,
      "workspace_fidelity": 0.9473684210526315,
      "elapsed_s": 95.9295003414154,
      "probe_details": [
        {
          "id": "s2_p5",
          "metric_tag": "interference",
          "probe_type": "compare",
          "chain_depth": 1,
          "score": 1.0,
          "num_turns": 3,
          "response_text": "Based on the plan.md file in this workspace:\n\n1. **`notes filter-by-tag`** returns a subset of notes \u2014 it filters notes by tag, returning only those whose tags list contains that specific tag.\n\n2. **`notes sort-by-tag`** returns all notes in a new order \u2014 it lists all notes sorted alphabetically by "
        }
      ],
      "m_interference": 1.0,
      "m_compression": 0.9473684210526315,
      "m_revision_explicit": null,
      "m_revision_latent_abs_err": null,
      "probe_turns_mean": 3.0,
      "probe_turns_max": 3,
      "probe_turns_when_correct": 3.0,
      "probe_turns_when_wrong": null
    },
    {
      "session": 3,
      "task_prompt_tokens": 0,
      "task_score_coarse": 1.0,
      "pytest_pass_rate": 1.0,
      "pytest_passed": 12,
      "pytest_failed": 0,
      "pytest_total": 12,
      "probe_recall": 1.0,
      "workspace_fidelity": 0.95,
      "elapsed_s": 141.0638928413391,
      "probe_details": [
        {
          "id": "s3_p6",
          "metric_tag": "version_accuracy",
          "probe_type": "compare",
          "chain_depth": 2,
          "score": 1.0,
          "num_turns": 8,
          "response_text": "Based on the current `notes/models.py`, the **required fields** are:\n\n1. **id** (int)\n2. **title** (str)\n3. **body** (str)\n\nAll other fields (`tags`, `citation`, `priority`) have default values and are optional."
        }
      ],
      "m_version_accuracy": 1.0,
      "m_compression": 0.95,
      "m_interference": null,
      "m_revision_explicit": 1.0,
      "m_revision_latent_abs_err": null,
      "probe_turns_mean": 8.0,
      "probe_turns_max": 8,
      "probe_turns_when_correct": 8.0,
      "probe_turns_when_wrong": null
    },
    {
      "session": 4,
      "task_prompt_tokens": 0,
      "task_score_coarse": 1.0,
      "pytest_pass_rate": 1.0,
      "pytest_passed": 13,
      "pytest_failed": 0,
      "pytest_total": 13,
      "probe_recall": 0.375,
      "workspace_fidelity": 0.8518518518518519,