{
  "scenario": "s7_research_notes",
  "sut_id": "claude_code_haiku45_s7",
  "n_sessions": 10,
  "m0": 1.0,
  "m_final": 0.5,
  "half_life": 1.0,
  "decay_slope": -0.004996392496392499,
  "checkpoints": [
    [
      0,
      1.0
    ],
    [
      1,
      0.42857142857142855
    ],
    [
      2,
      1.0
    ],
    [
      3,
      1.0
    ],
    [
      4,
      0.6458333333333334
    ],
    [
      5,
      0.75
    ],
    [
      6,
      0.8571428571428571
    ],
    [
      7,
      1.0
    ],
    [
      8,
      1.0
    ],
    [
      9,
      0.5
    ]
  ],
  "headline_metric": "recall_accuracy",
  "recall_curve": [
    [
      0,
      1.0
    ],
    [
      1,
      0.42857142857142855
    ],
    [
      2,
      1.0
    ],
    [
      3,
      1.0
    ],
    [
      4,
      0.6458333333333334
    ],
    [
      5,
      0.75
    ],
    [
      6,
      0.8571428571428571
    ],
    [
      7,
      1.0
    ],
    [
      8,
      1.0
    ],
    [
      9,
      0.5
    ]
  ],
  "task_curve": [
    [
      0,
      1.0
    ],
    [
      1,
      1.0
    ],
    [
      2,
      1.0
    ],
    [
      3,
      1.0
    ],
    [
      4,
      1.0
    ],
    [
      5,
      1.0
    ],
    [
      6,
      1.0
    ],
    [
      7,
      1.0
    ],
    [
      8,
      1.0
    ],
    [
      9,
      1.0
    ]
  ],
  "pytest_curve": [
    [
      0,
      1.0
    ],
    [
      1,
      1.0
    ],
    [
      2,
      1.0
    ],
    [
      3,
      1.0
    ],
    [
      4,
      1.0
    ],
    [
      5,
      1.0
    ],
    [
      6,
      1.0
    ],
    [
      7,
      1.0
    ],
    [
      8,
      1.0
    ],
    [
      9,
      1.0
    ]
  ],
  "workspace_fidelity_curve": [
    [
      0,
      1.0
    ],
    [
      1,
      0.9333333333333333
    ],
    [
      2,
      0.9473684210526315
    ],
    [
      3,
      0.95
    ],
    [
      4,
      0.8518518518518519
    ],
    [
      5,
      0.8709677419354839
    ],
    [
      6,
      0.868421052631579
    ],
    [
      7,
      0.875
    ],
    [
      8,
      0.8837209302325582
    ],
    [
      9,
      0.8333333333333334
    ]
  ],
  "per_session": [
    {
      "session": 0,
      "task_prompt_tokens": 0,
      "task_score_coarse": 1.0,
      "pytest_pass_rate": 1.0,
      "pytest_passed": 3,
      "pytest_failed": 0,
      "pytest_total": 3,
      "probe_recall": 1.0,
      "workspace_fidelity": 1.0,
      "elapsed_s": 66.91158294677734,
      "probe_details": [
        {
          "id": "s0_p1",
          "metric_tag": "recall",
          "probe_type": "compare",
          "chain_depth": 1,
          "score": 1.0,
          "num_turns": 8,
          "response_text": "Based on the schema in `notes/plan.md`, the current note schema has these fields:\n\nid\ntitle\ntags\nbody\ncitation"
        },
        {
          "id": "s0_p2",
          "metric_tag": "recall",
          "probe_type": "standalone",
          "chain_depth": 1,
          "score": 1.0,
          "num_turns": 2,
          "response_text": "**Click** \u2014 a Python library for building command-line interfaces. According to the project memory, the `notes` CLI is built with Click, with the entry point at `notes.cli:cli` and Click listed as a dependency in `pyproject.toml`."
        }
      ],
      "m_recall": 1.0,
      "m_compression": 1.0,
      "m_interference": null,
      "m_revision_explicit": null,
      "m_revision_latent_abs_err": null,
      "probe_turns_mean": 5.0,
      "probe_turns_max": 8,
      "probe_turns_when_correct": 5.0,
      "probe_turns_when_wrong": null
    },
    {
      "session": 1,
      "task_prompt_tokens": 0,
      "task_score_coarse": 1.0,
      "pytest_pass_rate": 1.0,
      "pytest_passed": 7,
      "pytest_failed": 0,
      "pytest_total": 7,
      "probe_recall": 0.42857142857142855,
      "workspace_fidelity": 0.9333333333333333,
      "elapsed_s": 98.21167063713074,
      "probe_details": [
        {
          "id": "s1_p3",
          "metric_tag": "accumulator",
          "probe_type": "synthesize",
          "chain_depth": 2,
          "score": 0.8571428571428571,
          "num_turns": 4,
          "response_text": "The notes tool currently supports **5 CLI commands**:\n\n1. **add** \u2014 Add a new note with title, body, tags (optional), and citation (optional)\n2. **ls** \u2014 List all notes showing ID and title\n3. **show** \u2014 Display the full contents of a note by ID\n4. **rm** \u2014 Delete a note by ID\n5. **search** \u2014 Search"
        },
        {
          "id": "s1_p4",
          "metric_tag": "recall",
          "probe_type": "standalone",
          "chain_depth": 1,
          "score": 0.0,
          "num_turns": 2,
          "response_text": "It looks like your `notes/` directory currently contains the notes CLI application code (Python files and a plan). \n\nThe **personal notes storage system** described in the instructions would follow the same pattern:\n- **Location:** `notes/` directory in your current workspace  \n- **Format:** Markdow"
        }
      ],
      "m_accumulator": 0.8571428571428571,
      "m_recall": 0.0,
      "m_compression": 0.9333333333333333,
      "m_interference": null,
      "m_revision_explicit": null,
      "m_revision_latent_abs_err": 0.0,
      "probe_turns_mean": 3.0,
      "probe_turns_max": 4,
      "probe_turns_when_correct": 4.0,
      "probe_turns_when_wrong": 2.0
    },
    {
      "session": 2,
      "task_prompt_tokens": 0,
      "task_score_coarse": 1.0,
      "pytest_pass_rate": 1.0,
      "pytest_passed": 9,
      "pytest_failed": 0,
      "pytest_total": 9,
      "probe_recall": 1.0,
      "workspace_fidelity": 0.9473684210526315,
      "elapsed_s": 88.4183554649353,
      "probe_details": [
        {
          "id": "s2_p5",
          "metric_tag": "interference",
          "probe_type": "compare",
          "chain_depth": 1,
          "score": 1.0,
          "num_turns": 3,
          "response_text": "Based on the `notes/plan.md` file in your workspace:\n\n- **`filter-by-tag`** returns a **subset** of notes (only those containing the specified tag)\n- **`sort-by-tag`** returns **all notes** in a new order (sorted alphabetically by their first tag)"
        }
      ],
      "m_interference": 1.0,
      "m_compression": 0.9473684210526315,
      "m_revision_explicit": null,
      "m_revision_latent_abs_err": null,
      "probe_turns_mean": 3.0,
      "probe_turns_max": 3,
      "probe_turns_when_correct": 3.0,
      "probe_turns_when_wrong": null
    },
    {
      "session": 3,
      "task_prompt_tokens": 0,
      "task_score_coarse": 1.0,
      "pytest_pass_rate": 1.0,
      "pytest_passed": 12,
      "pytest_failed": 0,
      "pytest_total": 12,
      "probe_recall": 1.0,
      "workspace_fidelity": 0.95,
      "elapsed_s": 143.18865442276,
      "probe_details": [
        {
          "id": "s3_p6",
          "metric_tag": "version_accuracy",
          "probe_type": "compare",
          "chain_depth": 2,
          "score": 1.0,
          "num_turns": 6,
          "response_text": "Based on the current `cli.py`, here are the fields in the note schema **as they are NOW**:\n\n**All fields present in saved notes:**\n- `id` (int, auto-generated)\n- `title` (str)\n- `body` (str)\n- `tags` (list[str])\n- `citation` (str | null)\n- `priority` (int)\n\n**Required fields (must be provided by use"
        }
      ],
      "m_version_accuracy": 1.0,
      "m_compression": 0.95,
      "m_interference": null,
      "m_revision_explicit": 1.0,
      "m_revision_latent_abs_err": null,
      "probe_turns_mean": 6.0,
      "probe_turns_max": 6,
      "probe_turns_when_correct": 6.0,
      "probe_turns_when_wrong": null
    },
    {
      "session": 4,
      "task_prompt_tokens": 0,
      "task_score_coarse": 1.0,
      "pytest_pass_rate": 1.0,
      "pytest_passed": 13,
      "pytest_failed": 0,
      "pytest_total": 13,
      "probe_recall": 0.6458333333333334,