{
  "scenario": "s7_research_notes",
  "sut_id": "openhands_gpt4omini_s7",
  "n_sessions": 10,
  "m0": 1.0,
  "m_final": 0.35119047619047616,
  "half_life": 1.0,
  "decay_slope": -0.053823953823953836,
  "checkpoints": [
    [
      0,
      1.0
    ],
    [
      1,
      0.3214285714285714
    ],
    [
      2,
      0.5
    ],
    [
      3,
      1.0
    ],
    [
      4,
      0.125
    ],
    [
      5,
      0.5833333333333333
    ],
    [
      6,
      0.0
    ],
    [
      7,
      0.5
    ],
    [
      8,
      0.25
    ],
    [
      9,
      0.35119047619047616
    ]
  ],
  "headline_metric": "recall_accuracy",
  "recall_curve": [
    [
      0,
      1.0
    ],
    [
      1,
      0.3214285714285714
    ],
    [
      2,
      0.5
    ],
    [
      3,
      1.0
    ],
    [
      4,
      0.125
    ],
    [
      5,
      0.5833333333333333
    ],
    [
      6,
      0.0
    ],
    [
      7,
      0.5
    ],
    [
      8,
      0.25
    ],
    [
      9,
      0.35119047619047616
    ]
  ],
  "task_curve": [
    [
      0,
      1.0
    ],
    [
      1,
      1.0
    ],
    [
      2,
      1.0
    ],
    [
      3,
      1.0
    ],
    [
      4,
      1.0
    ],
    [
      5,
      1.0
    ],
    [
      6,
      1.0
    ],
    [
      7,
      1.0
    ],
    [
      8,
      1.0
    ],
    [
      9,
      1.0
    ]
  ],
  "pytest_curve": [
    [
      0,
      1.0
    ],
    [
      1,
      0.8571428571428571
    ],
    [
      2,
      0.8888888888888888
    ],
    [
      3,
      0.9166666666666666
    ],
    [
      4,
      1.0
    ],
    [
      5,
      1.0
    ],
    [
      6,
      1.0
    ],
    [
      7,
      1.0
    ],
    [
      8,
      1.0
    ],
    [
      9,
      1.0
    ]
  ],
  "workspace_fidelity_curve": [
    [
      0,
      1.0
    ],
    [
      1,
      0.9333333333333333
    ],
    [
      2,
      0.9473684210526315
    ],
    [
      3,
      0.95
    ],
    [
      4,
      0.8518518518518519
    ],
    [
      5,
      0.8709677419354839
    ],
    [
      6,
      0.868421052631579
    ],
    [
      7,
      0.875
    ],
    [
      8,
      0.8837209302325582
    ],
    [
      9,
      0.9166666666666666
    ]
  ],
  "per_session": [
    {
      "session": 0,
      "task_prompt_tokens": 30250,
      "task_score_coarse": 1.0,
      "pytest_pass_rate": 1.0,
      "pytest_passed": 3,
      "pytest_failed": 0,
      "pytest_total": 3,
      "probe_recall": 1.0,
      "workspace_fidelity": 1.0,
      "elapsed_s": 52.38139724731445,
      "probe_details": [
        {
          "id": "s0_p1",
          "metric_tag": "recall",
          "probe_type": "compare",
          "chain_depth": 1,
          "score": 1.0,
          "num_turns": 5,
          "response_text": "The fields in the current note schema are:\n\n```\nid\ntitle\ntags\nbody\ncitation\npriority\n```"
        },
        {
          "id": "s0_p2",
          "metric_tag": "recall",
          "probe_type": "standalone",
          "chain_depth": 1,
          "score": 1.0,
          "num_turns": 1,
          "response_text": "I don't have direct access to the specific codebase you're referring to, but a commonly used Python library for CLI command parsing is `argparse`. Other popular libraries include `click`, `docopt`, and `fire`. If you want to know which library is used in your specific project, I can help you explore"
        }
      ],
      "m_recall": 1.0,
      "m_compression": 1.0,
      "m_interference": null,
      "m_revision_explicit": null,
      "m_revision_latent_abs_err": null,
      "probe_turns_mean": 3.0,
      "probe_turns_max": 5,
      "probe_turns_when_correct": 3.0,
      "probe_turns_when_wrong": null
    },
    {
      "session": 1,
      "task_prompt_tokens": 55338,
      "task_score_coarse": 1.0,
      "pytest_pass_rate": 0.8571428571428571,
      "pytest_passed": 6,
      "pytest_failed": 1,
      "pytest_total": 7,
      "probe_recall": 0.3214285714285714,
      "workspace_fidelity": 0.9333333333333333,
      "elapsed_s": 48.62702679634094,
      "probe_details": [
        {
          "id": "s1_p3",
          "metric_tag": "accumulator",
          "probe_type": "synthesize",
          "chain_depth": 2,
          "score": 0.14285714285714285,
          "num_turns": 1,
          "response_text": "The notes tool in the OpenHands CLI supports the following commands:\n\n1. `create`\n2. `view`\n3. `update`\n4. `delete`\n5. `list`\n\nThese commands allow users to manage notes effectively within the CLI environment."
        },
        {
          "id": "s1_p4",
          "metric_tag": "recall",
          "probe_type": "standalone",
          "chain_depth": 1,
          "score": 0.5,
          "num_turns": 1,
          "response_text": "Notes are typically stored in a specific directory within the application or project structure, and the file format can vary depending on the application being used. Common formats for notes include:\n\n1. **Plain Text Files**: Often with extensions like `.txt`.\n2. **Markdown Files**: Commonly with th"
        }
      ],
      "m_accumulator": 0.14285714285714285,
      "m_recall": 0.5,
      "m_compression": 0.9333333333333333,
      "m_interference": null,
      "m_revision_explicit": null,
      "m_revision_latent_abs_err": 4.0,
      "probe_turns_mean": 1.0,
      "probe_turns_max": 1,
      "probe_turns_when_correct": 1.0,
      "probe_turns_when_wrong": 1.0
    },
    {
      "session": 2,
      "task_prompt_tokens": 181060,
      "task_score_coarse": 1.0,
      "pytest_pass_rate": 0.8888888888888888,
      "pytest_passed": 8,
      "pytest_failed": 1,
      "pytest_total": 9,
      "probe_recall": 0.5,
      "workspace_fidelity": 0.9473684210526315,
      "elapsed_s": 115.22386622428894,
      "probe_details": [
        {
          "id": "s2_p5",
          "metric_tag": "interference",
          "probe_type": "compare",
          "chain_depth": 1,
          "score": 0.5,
          "num_turns": 1,
          "response_text": "The two tag-related commands are:\n\n1. **`tag_notes`**: This command returns a subset of notes based on specified tags.\n2. **`reorder_notes`**: This command returns all notes in a new order based on specified criteria."
        }
      ],
      "m_interference": 0.5,
      "m_compression": 0.9473684210526315,
      "m_revision_explicit": null,
      "m_revision_latent_abs_err": null,
      "probe_turns_mean": 1.0,
      "probe_turns_max": 1,
      "probe_turns_when_correct": 1.0,
      "probe_turns_when_wrong": null
    },
    {
      "session": 3,
      "task_prompt_tokens": 1154143,
      "task_score_coarse": 1.0,
      "pytest_pass_rate": 0.9166666666666666,
      "pytest_passed": 11,
      "pytest_failed": 1,
      "pytest_total": 12,
      "probe_recall": 1.0,
      "workspace_fidelity": 0.95,
      "elapsed_s": 208.84315991401672,
      "probe_details": [
        {
          "id": "s3_p6",
          "metric_tag": "version_accuracy",
          "probe_type": "compare",
          "chain_depth": 2,
          "score": 1.0,
          "num_turns": 7,
          "response_text": "The current required fields in the note schema are as follows:\n\n1. `id`\n2. `title`\n3. `body`\n4. `tags` (multiple values allowed)\n5. `citation` (optional)\n6. `priority` (optional)\n\nThe `title` and `body` fields are marked as required in the CLI command for adding a note."
        }
      ],
      "m_version_accuracy": 1.0,
      "m_compression": 0.95,
      "m_interference": null,
      "m_revision_explicit": 1.0,
      "m_revision_latent_abs_err": null,
      "probe_turns_mean": 7.0,
      "probe_turns_max": 7,
      "probe_turns_when_correct": 7.0,
      "probe_turns_when_wrong": null
    },
    {
      "session": 4,
      "task_prompt_tokens": 14893,
      "task_score_coarse": 1.0,
      "pytest_pass_rate": 1.0,
      "pytest_passed": 13,
      "pytest_failed": 0,
      "pytest_total": 13,
      "probe_recall": 0.125,
      "workspace_fidelity": 0.8518518518518519,