{
  "scenario": "s7_research_notes",
  "sut_id": "claude_code_sonnet45_s7",
  "n_sessions": 10,
  "m0": 1.0,
  "m_final": 0.75,
  "half_life": Infinity,
  "decay_slope": -0.012067099567099566,
  "checkpoints": [
    [
      0,
      1.0
    ],
    [
      1,
      0.9285714285714286
    ],
    [
      2,
      1.0
    ],
    [
      3,
      1.0
    ],
    [
      4,
      0.5625
    ],
    [
      5,
      0.75
    ],
    [
      6,
      0.8571428571428571
    ],
    [
      7,
      1.0
    ],
    [
      8,
      1.0
    ],
    [
      9,
      0.75
    ]
  ],
  "headline_metric": "recall_accuracy",
  "recall_curve": [
    [
      0,
      1.0
    ],
    [
      1,
      0.9285714285714286
    ],
    [
      2,
      1.0
    ],
    [
      3,
      1.0
    ],
    [
      4,
      0.5625
    ],
    [
      5,
      0.75
    ],
    [
      6,
      0.8571428571428571
    ],
    [
      7,
      1.0
    ],
    [
      8,
      1.0
    ],
    [
      9,
      0.75
    ]
  ],
  "task_curve": [
    [
      0,
      1.0
    ],
    [
      1,
      1.0
    ],
    [
      2,
      1.0
    ],
    [
      3,
      1.0
    ],
    [
      4,
      1.0
    ],
    [
      5,
      1.0
    ],
    [
      6,
      1.0
    ],
    [
      7,
      1.0
    ],
    [
      8,
      1.0
    ],
    [
      9,
      1.0
    ]
  ],
  "pytest_curve": [
    [
      0,
      1.0
    ],
    [
      1,
      0.8571428571428571
    ],
    [
      2,
      0.8888888888888888
    ],
    [
      3,
      0.8333333333333334
    ],
    [
      4,
      0.8461538461538461
    ],
    [
      5,
      0.8
    ],
    [
      6,
      0.8333333333333334
    ],
    [
      7,
      0.85
    ],
    [
      8,
      1.0
    ],
    [
      9,
      1.0
    ]
  ],
  "workspace_fidelity_curve": [
    [
      0,
      1.0
    ],
    [
      1,
      0.9333333333333333
    ],
    [
      2,
      0.9473684210526315
    ],
    [
      3,
      0.95
    ],
    [
      4,
      0.8518518518518519
    ],
    [
      5,
      0.8709677419354839
    ],
    [
      6,
      0.868421052631579
    ],
    [
      7,
      0.875
    ],
    [
      8,
      0.8837209302325582
    ],
    [
      9,
      0.8125
    ]
  ],
  "per_session": [
    {
      "session": 0,
      "task_prompt_tokens": 0,
      "task_score_coarse": 1.0,
      "pytest_pass_rate": 1.0,
      "pytest_passed": 3,
      "pytest_failed": 0,
      "pytest_total": 3,
      "probe_recall": 1.0,
      "workspace_fidelity": 1.0,
      "elapsed_s": 242.52766394615173,
      "probe_details": [
        {
          "id": "s0_p1",
          "metric_tag": "recall",
          "probe_type": "compare",
          "chain_depth": 1,
          "score": 1.0,
          "num_turns": 3,
          "response_text": "Based on the note schema defined in `notes/plan.md`, the fields are:\n\nid\ntitle\ntags\nbody\ncitation"
        },
        {
          "id": "s0_p2",
          "metric_tag": "recall",
          "probe_type": "standalone",
          "chain_depth": 1,
          "score": 1.0,
          "num_turns": 3,
          "response_text": "Based on my memory, I chose **Click** for CLI command parsing in the `notes` CLI project. The setup.py includes Click as a dependency, and the CLI is structured using Click's decorator-based command system with an entry point at `notes_cli.cli:cli`."
        }
      ],
      "m_recall": 1.0,
      "m_compression": 1.0,
      "m_interference": null,
      "m_revision_explicit": null,
      "m_revision_latent_abs_err": null,
      "probe_turns_mean": 3.0,
      "probe_turns_max": 3,
      "probe_turns_when_correct": 3.0,
      "probe_turns_when_wrong": null
    },
    {
      "session": 1,
      "task_prompt_tokens": 0,
      "task_score_coarse": 1.0,
      "pytest_pass_rate": 0.8571428571428571,
      "pytest_passed": 6,
      "pytest_failed": 1,
      "pytest_total": 7,
      "probe_recall": 0.9285714285714286,
      "workspace_fidelity": 0.9333333333333333,
      "elapsed_s": 138.69200205802917,
      "probe_details": [
        {
          "id": "s1_p3",
          "metric_tag": "accumulator",
          "probe_type": "synthesize",
          "chain_depth": 2,
          "score": 0.8571428571428571,
          "num_turns": 4,
          "response_text": "Based on the plan document, the notes tool currently supports **5 CLI commands**:\n\n1. `add` - Add a new note\n2. `ls` - List all notes with ID and title\n3. `show` - Display full contents of a note by ID\n4. `rm` - Delete a note by ID\n5. `search` - Search for notes by substring match in title and body"
        },
        {
          "id": "s1_p4",
          "metric_tag": "recall",
          "probe_type": "standalone",
          "chain_depth": 1,
          "score": 1.0,
          "num_turns": 5,
          "response_text": "Notes are stored in the **`notes_data/`** directory at the workspace root (`/tmp/claude-46400095/aging_cc_ws_oob0zp8_/notes_data/`).\n\n**File format:** Individual **JSON files**, with each note saved as `note_{id}.json` (e.g., `note_1.json`, `note_2.json`, etc.).\n\nAdditionally, there's a `metadata.js"
        }
      ],
      "m_accumulator": 0.8571428571428571,
      "m_recall": 1.0,
      "m_compression": 0.9333333333333333,
      "m_interference": null,
      "m_revision_explicit": null,
      "m_revision_latent_abs_err": 0.0,
      "probe_turns_mean": 4.5,
      "probe_turns_max": 5,
      "probe_turns_when_correct": 4.5,
      "probe_turns_when_wrong": null
    },
    {
      "session": 2,
      "task_prompt_tokens": 0,
      "task_score_coarse": 1.0,
      "pytest_pass_rate": 0.8888888888888888,
      "pytest_passed": 8,
      "pytest_failed": 1,
      "pytest_total": 9,
      "probe_recall": 1.0,
      "workspace_fidelity": 0.9473684210526315,
      "elapsed_s": 105.36806297302246,
      "probe_details": [
        {
          "id": "s2_p5",
          "metric_tag": "interference",
          "probe_type": "compare",
          "chain_depth": 1,
          "score": 1.0,
          "num_turns": 3,
          "response_text": "Based on my notes:\n\n- **`notes filter-by-tag <tag>`** \u2014 Returns a **subset** of notes (only notes containing the specified tag)\n\n- **`notes sort-by-tag`** \u2014 Returns **all notes** in a new order (sorted alphabetically by their first tag)"
        }
      ],
      "m_interference": 1.0,
      "m_compression": 0.9473684210526315,
      "m_revision_explicit": null,
      "m_revision_latent_abs_err": null,
      "probe_turns_mean": 3.0,
      "probe_turns_max": 3,
      "probe_turns_when_correct": 3.0,
      "probe_turns_when_wrong": null
    },
    {
      "session": 3,
      "task_prompt_tokens": 0,
      "task_score_coarse": 1.0,
      "pytest_pass_rate": 0.8333333333333334,
      "pytest_passed": 10,
      "pytest_failed": 2,
      "pytest_total": 12,
      "probe_recall": 1.0,
      "workspace_fidelity": 0.95,
      "elapsed_s": 195.85190153121948,
      "probe_details": [
        {
          "id": "s3_p6",
          "metric_tag": "version_accuracy",
          "probe_type": "compare",
          "chain_depth": 2,
          "score": 1.0,
          "num_turns": 9,
          "response_text": "Based on the current code in `notes_cli/cli.py`, the **REQUIRED** fields in the note schema are:\n\n1. **`id`** (integer, automatically generated)\n2. **`title`** (string, required CLI option)\n3. **`body`** (string, required CLI option)\n\nThe schema also includes these **OPTIONAL** fields with defaults:"
        }
      ],
      "m_version_accuracy": 1.0,
      "m_compression": 0.95,
      "m_interference": null,
      "m_revision_explicit": 1.0,
      "m_revision_latent_abs_err": null,
      "probe_turns_mean": 9.0,
      "probe_turns_max": 9,
      "probe_turns_when_correct": 9.0,
      "probe_turns_when_wrong": null
    },
    {
      "session": 4,
      "task_prompt_tokens": 0,
      "task_score_coarse": 1.0,
      "pytest_pass_rate": 0.8461538461538461,
      "pytest_passed": 11,
      "pytest_failed": 2,
      "pytest_total": 13,