{
  "scenario": "s7_research_notes",
  "sut_id": "claude_code_sonnet45_s7",
  "n_sessions": 10,
  "m0": 1.0,
  "m_final": 0.75,
  "half_life": Infinity,
  "decay_slope": -0.010551948051948055,
  "checkpoints": [
    [
      0,
      1.0
    ],
    [
      1,
      0.9285714285714286
    ],
    [
      2,
      1.0
    ],
    [
      3,
      1.0
    ],
    [
      4,
      0.5625
    ],
    [
      5,
      1.0
    ],
    [
      6,
      0.8571428571428571
    ],
    [
      7,
      1.0
    ],
    [
      8,
      1.0
    ],
    [
      9,
      0.75
    ]
  ],
  "headline_metric": "recall_accuracy",
  "recall_curve": [
    [
      0,
      1.0
    ],
    [
      1,
      0.9285714285714286
    ],
    [
      2,
      1.0
    ],
    [
      3,
      1.0
    ],
    [
      4,
      0.5625
    ],
    [
      5,
      1.0
    ],
    [
      6,
      0.8571428571428571
    ],
    [
      7,
      1.0
    ],
    [
      8,
      1.0
    ],
    [
      9,
      0.75
    ]
  ],
  "task_curve": [
    [
      0,
      1.0
    ],
    [
      1,
      1.0
    ],
    [
      2,
      1.0
    ],
    [
      3,
      1.0
    ],
    [
      4,
      1.0
    ],
    [
      5,
      1.0
    ],
    [
      6,
      1.0
    ],
    [
      7,
      1.0
    ],
    [
      8,
      1.0
    ],
    [
      9,
      1.0
    ]
  ],
  "pytest_curve": [
    [
      0,
      1.0
    ],
    [
      1,
      0.8571428571428571
    ],
    [
      2,
      0.7777777777777778
    ],
    [
      3,
      0.75
    ],
    [
      4,
      0.7692307692307693
    ],
    [
      5,
      0.7333333333333333
    ],
    [
      6,
      0.7777777777777778
    ],
    [
      7,
      0.8
    ],
    [
      8,
      1.0
    ],
    [
      9,
      1.0
    ]
  ],
  "workspace_fidelity_curve": [
    [
      0,
      1.0
    ],
    [
      1,
      0.9333333333333333
    ],
    [
      2,
      0.9473684210526315
    ],
    [
      3,
      0.95
    ],
    [
      4,
      0.8518518518518519
    ],
    [
      5,
      0.8709677419354839
    ],
    [
      6,
      0.868421052631579
    ],
    [
      7,
      0.875
    ],
    [
      8,
      0.9069767441860465
    ],
    [
      9,
      0.8541666666666666
    ]
  ],
  "per_session": [
    {
      "session": 0,
      "task_prompt_tokens": 0,
      "task_score_coarse": 1.0,
      "pytest_pass_rate": 1.0,
      "pytest_passed": 3,
      "pytest_failed": 0,
      "pytest_total": 3,
      "probe_recall": 1.0,
      "workspace_fidelity": 1.0,
      "elapsed_s": 121.36055636405945,
      "probe_details": [
        {
          "id": "s0_p1",
          "metric_tag": "recall",
          "probe_type": "compare",
          "chain_depth": 1,
          "score": 1.0,
          "num_turns": 5,
          "response_text": "Based on the note schema defined in the project, here are the fields (one per line):\n\nid\ntitle\ntags\nbody\ncitation"
        },
        {
          "id": "s0_p2",
          "metric_tag": "recall",
          "probe_type": "standalone",
          "chain_depth": 1,
          "score": 1.0,
          "num_turns": 3,
          "response_text": "**Click** - I chose the Click library for CLI command parsing in the `notes` project. The CLI is structured as a Click-based command-line interface with commands like `add`, `ls`, `show`, `rm`, and `search`."
        }
      ],
      "m_recall": 1.0,
      "m_compression": 1.0,
      "m_interference": null,
      "m_revision_explicit": null,
      "m_revision_latent_abs_err": null,
      "probe_turns_mean": 4.0,
      "probe_turns_max": 5,
      "probe_turns_when_correct": 4.0,
      "probe_turns_when_wrong": null
    },
    {
      "session": 1,
      "task_prompt_tokens": 0,
      "task_score_coarse": 1.0,
      "pytest_pass_rate": 0.8571428571428571,
      "pytest_passed": 6,
      "pytest_failed": 1,
      "pytest_total": 7,
      "probe_recall": 0.9285714285714286,
      "workspace_fidelity": 0.9333333333333333,
      "elapsed_s": 130.87278985977173,
      "probe_details": [
        {
          "id": "s1_p3",
          "metric_tag": "accumulator",
          "probe_type": "synthesize",
          "chain_depth": 2,
          "score": 0.8571428571428571,
          "num_turns": 6,
          "response_text": "The notes CLI currently supports **5 commands**:\n\n1. `add` - Add a new note\n2. `ls` - List all notes with ID and title\n3. `show` - Show full contents of a note by ID\n4. `rm` - Delete a note by ID\n5. `search` - Search notes by substring match"
        },
        {
          "id": "s1_p4",
          "metric_tag": "recall",
          "probe_type": "standalone",
          "chain_depth": 1,
          "score": 1.0,
          "num_turns": 7,
          "response_text": "Based on the plan.md and the actual directory structure, notes are stored:\n\n**Location**: `notes_data/` directory at the workspace root (`/tmp/claude-46400095/aging_cc_ws_qa5vuq4_/notes_data/`)\n\n**File format**: Individual JSON files\n- **Naming convention**: `note_{id}.json` (e.g., `note_1.json`, `n"
        }
      ],
      "m_accumulator": 0.8571428571428571,
      "m_recall": 1.0,
      "m_compression": 0.9333333333333333,
      "m_interference": null,
      "m_revision_explicit": null,
      "m_revision_latent_abs_err": 0.0,
      "probe_turns_mean": 6.5,
      "probe_turns_max": 7,
      "probe_turns_when_correct": 6.5,
      "probe_turns_when_wrong": null
    },
    {
      "session": 2,
      "task_prompt_tokens": 0,
      "task_score_coarse": 1.0,
      "pytest_pass_rate": 0.7777777777777778,
      "pytest_passed": 7,
      "pytest_failed": 2,
      "pytest_total": 9,
      "probe_recall": 1.0,
      "workspace_fidelity": 0.9473684210526315,
      "elapsed_s": 135.48038911819458,
      "probe_details": [
        {
          "id": "s2_p5",
          "metric_tag": "interference",
          "probe_type": "compare",
          "chain_depth": 1,
          "score": 1.0,
          "num_turns": 5,
          "response_text": "Based on my notes:\n\n- **`filter-by-tag`** returns a **subset** of notes (only notes containing the specified tag)\n- **`sort-by-tag`** returns **all notes** in a new order (sorted alphabetically by their first tag, with untagged notes at the end)"
        }
      ],
      "m_interference": 1.0,
      "m_compression": 0.9473684210526315,
      "m_revision_explicit": null,
      "m_revision_latent_abs_err": null,
      "probe_turns_mean": 5.0,
      "probe_turns_max": 5,
      "probe_turns_when_correct": 5.0,
      "probe_turns_when_wrong": null
    },
    {
      "session": 3,
      "task_prompt_tokens": 0,
      "task_score_coarse": 1.0,
      "pytest_pass_rate": 0.75,
      "pytest_passed": 9,
      "pytest_failed": 3,
      "pytest_total": 12,
      "probe_recall": 1.0,
      "workspace_fidelity": 0.95,
      "elapsed_s": 164.80651354789734,
      "probe_details": [
        {
          "id": "s3_p6",
          "metric_tag": "version_accuracy",
          "probe_type": "compare",
          "chain_depth": 2,
          "score": 1.0,
          "num_turns": 4,
          "response_text": "Based on the current code in `notes/storage.py`, the **required fields** in the note schema are:\n\n1. **title** (str)\n2. **body** (str)\n3. **tags** (List[str])\n\nThese three fields have no default values in the `save_note` method signature (lines 29-36).\n\nThe optional fields with defaults are:\n- **cit"
        }
      ],
      "m_version_accuracy": 1.0,
      "m_compression": 0.95,
      "m_interference": null,
      "m_revision_explicit": 1.0,
      "m_revision_latent_abs_err": null,
      "probe_turns_mean": 4.0,
      "probe_turns_max": 4,
      "probe_turns_when_correct": 4.0,
      "probe_turns_when_wrong": null
    },
    {
      "session": 4,
      "task_prompt_tokens": 0,
      "task_score_coarse": 1.0,
      "pytest_pass_rate": 0.7692307692307693,
      "pytest_passed": 10,
      "pytest_failed": 3,
      "pytest_total": 13,
      "probe_recall": 0.5625,
      "workspace_fidelity": 0.8518518518518519,