{
  "scenario": "s7_research_notes",
  "sut_id": "claude_code_sonnet45_s7",
  "n_sessions": 10,
  "m0": 1.0,
  "m_final": 0.75,
  "half_life": Infinity,
  "decay_slope": -0.011309523809523813,
  "checkpoints": [
    [
      0,
      1.0
    ],
    [
      1,
      0.9285714285714286
    ],
    [
      2,
      1.0
    ],
    [
      3,
      1.0
    ],
    [
      4,
      0.6875
    ],
    [
      5,
      1.0
    ],
    [
      6,
      0.8571428571428571
    ],
    [
      7,
      1.0
    ],
    [
      8,
      1.0
    ],
    [
      9,
      0.75
    ]
  ],
  "headline_metric": "recall_accuracy",
  "recall_curve": [
    [
      0,
      1.0
    ],
    [
      1,
      0.9285714285714286
    ],
    [
      2,
      1.0
    ],
    [
      3,
      1.0
    ],
    [
      4,
      0.6875
    ],
    [
      5,
      1.0
    ],
    [
      6,
      0.8571428571428571
    ],
    [
      7,
      1.0
    ],
    [
      8,
      1.0
    ],
    [
      9,
      0.75
    ]
  ],
  "task_curve": [
    [
      0,
      1.0
    ],
    [
      1,
      1.0
    ],
    [
      2,
      1.0
    ],
    [
      3,
      1.0
    ],
    [
      4,
      1.0
    ],
    [
      5,
      1.0
    ],
    [
      6,
      1.0
    ],
    [
      7,
      1.0
    ],
    [
      8,
      1.0
    ],
    [
      9,
      1.0
    ]
  ],
  "pytest_curve": [
    [
      0,
      1.0
    ],
    [
      1,
      0.8571428571428571
    ],
    [
      2,
      0.8888888888888888
    ],
    [
      3,
      0.9166666666666666
    ],
    [
      4,
      0.9230769230769231
    ],
    [
      5,
      0.9333333333333333
    ],
    [
      6,
      0.9444444444444444
    ],
    [
      7,
      0.95
    ],
    [
      8,
      0.9545454545454546
    ],
    [
      9,
      0.9565217391304348
    ]
  ],
  "workspace_fidelity_curve": [
    [
      0,
      1.0
    ],
    [
      1,
      0.9333333333333333
    ],
    [
      2,
      0.9473684210526315
    ],
    [
      3,
      0.95
    ],
    [
      4,
      0.8518518518518519
    ],
    [
      5,
      0.8709677419354839
    ],
    [
      6,
      0.868421052631579
    ],
    [
      7,
      0.875
    ],
    [
      8,
      0.8837209302325582
    ],
    [
      9,
      0.8333333333333334
    ]
  ],
  "per_session": [
    {
      "session": 0,
      "task_prompt_tokens": 0,
      "task_score_coarse": 1.0,
      "pytest_pass_rate": 1.0,
      "pytest_passed": 3,
      "pytest_failed": 0,
      "pytest_total": 3,
      "probe_recall": 1.0,
      "workspace_fidelity": 1.0,
      "elapsed_s": 90.84582614898682,
      "probe_details": [
        {
          "id": "s0_p1",
          "metric_tag": "recall",
          "probe_type": "compare",
          "chain_depth": 1,
          "score": 1.0,
          "num_turns": 3,
          "response_text": "Based on the note schema in `notes/plan.md`, here are the fields:\n\n- id\n- title\n- tags\n- body\n- citation"
        },
        {
          "id": "s0_p2",
          "metric_tag": "recall",
          "probe_type": "standalone",
          "chain_depth": 1,
          "score": 1.0,
          "num_turns": 3,
          "response_text": "**Click** \u2014 I chose the Click framework for CLI command parsing. According to my notes, it provides robust argument parsing and help generation for the notes CLI project."
        }
      ],
      "m_recall": 1.0,
      "m_compression": 1.0,
      "m_interference": null,
      "m_revision_explicit": null,
      "m_revision_latent_abs_err": null,
      "probe_turns_mean": 3.0,
      "probe_turns_max": 3,
      "probe_turns_when_correct": 3.0,
      "probe_turns_when_wrong": null
    },
    {
      "session": 1,
      "task_prompt_tokens": 0,
      "task_score_coarse": 1.0,
      "pytest_pass_rate": 0.8571428571428571,
      "pytest_passed": 6,
      "pytest_failed": 1,
      "pytest_total": 7,
      "probe_recall": 0.9285714285714286,
      "workspace_fidelity": 0.9333333333333333,
      "elapsed_s": 134.52071046829224,
      "probe_details": [
        {
          "id": "s1_p3",
          "metric_tag": "accumulator",
          "probe_type": "synthesize",
          "chain_depth": 2,
          "score": 0.8571428571428571,
          "num_turns": 4,
          "response_text": "The notes CLI tool supports **5 commands**:\n\n1. `add` - Create a new note\n2. `ls` - List all notes  \n3. `show` - Display full contents of a note\n4. `rm` - Delete a note by ID\n5. `search` - Search for notes by query string"
        },
        {
          "id": "s1_p4",
          "metric_tag": "recall",
          "probe_type": "standalone",
          "chain_depth": 1,
          "score": 1.0,
          "num_turns": 4,
          "response_text": "Notes are stored in the **`notes_data/`** directory at the workspace root.\n\n**File format**: Individual JSON files, one per note, named `note_<id>.json` (e.g., `note_1.json`, `note_2.json`).\n\nEach JSON file contains the note's id, title, tags, body, and optional citation fields."
        }
      ],
      "m_accumulator": 0.8571428571428571,
      "m_recall": 1.0,
      "m_compression": 0.9333333333333333,
      "m_interference": null,
      "m_revision_explicit": null,
      "m_revision_latent_abs_err": 0.0,
      "probe_turns_mean": 4.0,
      "probe_turns_max": 4,
      "probe_turns_when_correct": 4.0,
      "probe_turns_when_wrong": null
    },
    {
      "session": 2,
      "task_prompt_tokens": 0,
      "task_score_coarse": 1.0,
      "pytest_pass_rate": 0.8888888888888888,
      "pytest_passed": 8,
      "pytest_failed": 1,
      "pytest_total": 9,
      "probe_recall": 1.0,
      "workspace_fidelity": 0.9473684210526315,
      "elapsed_s": 102.41754150390625,
      "probe_details": [
        {
          "id": "s2_p5",
          "metric_tag": "interference",
          "probe_type": "compare",
          "chain_depth": 1,
          "score": 1.0,
          "num_turns": 3,
          "response_text": "Based on my notes:\n\n- **`notes filter-by-tag <tag>`** \u2014 Returns a **subset** of notes (only those containing the specified tag)\n- **`notes sort-by-tag`** \u2014 Returns **all notes** in a new order (sorted alphabetically by their first tag, with untagged notes at the end)"
        }
      ],
      "m_interference": 1.0,
      "m_compression": 0.9473684210526315,
      "m_revision_explicit": null,
      "m_revision_latent_abs_err": null,
      "probe_turns_mean": 3.0,
      "probe_turns_max": 3,
      "probe_turns_when_correct": 3.0,
      "probe_turns_when_wrong": null
    },
    {
      "session": 3,
      "task_prompt_tokens": 0,
      "task_score_coarse": 1.0,
      "pytest_pass_rate": 0.9166666666666666,
      "pytest_passed": 11,
      "pytest_failed": 1,
      "pytest_total": 12,
      "probe_recall": 1.0,
      "workspace_fidelity": 0.95,
      "elapsed_s": 130.42670559883118,
      "probe_details": [
        {
          "id": "s3_p6",
          "metric_tag": "version_accuracy",
          "probe_type": "compare",
          "chain_depth": 2,
          "score": 1.0,
          "num_turns": 7,
          "response_text": "Based on the current implementation in `notes_cli/cli.py`, the **required fields** in the note schema are:\n\n## User-Required (when creating a note):\n- **title** (str) - `required=True` on CLI\n- **body** (str) - `required=True` on CLI\n\n## Always Present (in every note):\n- **id** (int) - auto-generate"
        }
      ],
      "m_version_accuracy": 1.0,
      "m_compression": 0.95,
      "m_interference": null,
      "m_revision_explicit": 1.0,
      "m_revision_latent_abs_err": null,
      "probe_turns_mean": 7.0,
      "probe_turns_max": 7,
      "probe_turns_when_correct": 7.0,
      "probe_turns_when_wrong": null
    },
    {
      "session": 4,
      "task_prompt_tokens": 0,
      "task_score_coarse": 1.0,
      "pytest_pass_rate": 0.9230769230769231,
      "pytest_passed": 12,
      "pytest_failed": 1,
      "pytest_total": 13,
      "probe_recall": 0.6875,
      "workspace_fidelity": 0.8518518518518519,