{
  "scenario": "s7_research_notes",
  "sut_id": "openhands_gpt4o_s7",
  "n_sessions": 10,
  "m0": 1.0,
  "m_final": 0.4583333333333333,
  "half_life": 1.0,
  "decay_slope": -0.020858585858585858,
  "checkpoints": [
    [
      0,
      1.0
    ],
    [
      1,
      0.5
    ],
    [
      2,
      0.5
    ],
    [
      3,
      0.8
    ],
    [
      4,
      0.41666666666666663
    ],
    [
      5,
      0.75
    ],
    [
      6,
      0.0
    ],
    [
      7,
      0.5
    ],
    [
      8,
      1.0
    ],
    [
      9,
      0.4583333333333333
    ]
  ],
  "headline_metric": "recall_accuracy",
  "recall_curve": [
    [
      0,
      1.0
    ],
    [
      1,
      0.5
    ],
    [
      2,
      0.5
    ],
    [
      3,
      0.8
    ],
    [
      4,
      0.41666666666666663
    ],
    [
      5,
      0.75
    ],
    [
      6,
      0.0
    ],
    [
      7,
      0.5
    ],
    [
      8,
      1.0
    ],
    [
      9,
      0.4583333333333333
    ]
  ],
  "task_curve": [
    [
      0,
      1.0
    ],
    [
      1,
      1.0
    ],
    [
      2,
      1.0
    ],
    [
      3,
      1.0
    ],
    [
      4,
      1.0
    ],
    [
      5,
      1.0
    ],
    [
      6,
      1.0
    ],
    [
      7,
      1.0
    ],
    [
      8,
      1.0
    ],
    [
      9,
      1.0
    ]
  ],
  "pytest_curve": [
    [
      0,
      1.0
    ],
    [
      1,
      0.8571428571428571
    ],
    [
      2,
      0.8888888888888888
    ],
    [
      3,
      0.75
    ],
    [
      4,
      0.6923076923076923
    ],
    [
      5,
      0.06666666666666667
    ],
    [
      6,
      0.05555555555555555
    ],
    [
      7,
      0.5
    ],
    [
      8,
      0.5909090909090909
    ],
    [
      9,
      0.5652173913043478
    ]
  ],
  "workspace_fidelity_curve": [
    [
      0,
      1.0
    ],
    [
      1,
      0.9333333333333333
    ],
    [
      2,
      0.9473684210526315
    ],
    [
      3,
      0.95
    ],
    [
      4,
      0.8518518518518519
    ],
    [
      5,
      0.8709677419354839
    ],
    [
      6,
      0.868421052631579
    ],
    [
      7,
      0.875
    ],
    [
      8,
      0.8837209302325582
    ],
    [
      9,
      0.8541666666666666
    ]
  ],
  "per_session": [
    {
      "session": 0,
      "task_prompt_tokens": 51030,
      "task_score_coarse": 1.0,
      "pytest_pass_rate": 1.0,
      "pytest_passed": 3,
      "pytest_failed": 0,
      "pytest_total": 3,
      "probe_recall": 1.0,
      "workspace_fidelity": 1.0,
      "elapsed_s": 46.6258590221405,
      "probe_details": [
        {
          "id": "s0_p1",
          "metric_tag": "recall",
          "probe_type": "compare",
          "chain_depth": 1,
          "score": 1.0,
          "num_turns": 3,
          "response_text": "The fields in the current note schema are:\n\n- id\n- title\n- tags\n- body\n- citation"
        },
        {
          "id": "s0_p2",
          "metric_tag": "recall",
          "probe_type": "standalone",
          "chain_depth": 1,
          "score": 1.0,
          "num_turns": 1,
          "response_text": "I haven't chosen a specific Python library for CLI command parsing in this context. However, some popular Python libraries for CLI command parsing include:\n\n1. **argparse**: This is a standard library in Python for parsing command-line arguments. It's powerful and flexible, suitable for most use cas"
        }
      ],
      "m_recall": 1.0,
      "m_compression": 1.0,
      "m_interference": null,
      "m_revision_explicit": null,
      "m_revision_latent_abs_err": null,
      "probe_turns_mean": 2.0,
      "probe_turns_max": 3,
      "probe_turns_when_correct": 2.0,
      "probe_turns_when_wrong": null
    },
    {
      "session": 1,
      "task_prompt_tokens": 101055,
      "task_score_coarse": 1.0,
      "pytest_pass_rate": 0.8571428571428571,
      "pytest_passed": 6,
      "pytest_failed": 1,
      "pytest_total": 7,
      "probe_recall": 0.5,
      "workspace_fidelity": 0.9333333333333333,
      "elapsed_s": 61.93816924095154,
      "probe_details": [
        {
          "id": "s1_p3",
          "metric_tag": "accumulator",
          "probe_type": "synthesize",
          "chain_depth": 2,
          "score": 0.0,
          "num_turns": 1,
          "response_text": "The notes tool supports the following CLI commands:\n\n1. `view`: Displays the current task list.\n2. `plan`: Creates or updates the task list based on provided requirements and progress."
        },
        {
          "id": "s1_p4",
          "metric_tag": "recall",
          "probe_type": "standalone",
          "chain_depth": 1,
          "score": 1.0,
          "num_turns": 2,
          "response_text": "Notes are stored in the directory `/ssd1/jianing/project/AgingBench_release/prototype/experiments/results/s7_oh_gpt4o_r1/openhands_gpt4o_s7/workspace/notes_data/`. The file format used for storing notes is JSON, as indicated by the file `note_1.json` in that directory."
        }
      ],
      "m_accumulator": 0.0,
      "m_recall": 1.0,
      "m_compression": 0.9333333333333333,
      "m_interference": null,
      "m_revision_explicit": null,
      "m_revision_latent_abs_err": 4.0,
      "probe_turns_mean": 1.5,
      "probe_turns_max": 2,
      "probe_turns_when_correct": 2.0,
      "probe_turns_when_wrong": 1.0
    },
    {
      "session": 2,
      "task_prompt_tokens": 81306,
      "task_score_coarse": 1.0,
      "pytest_pass_rate": 0.8888888888888888,
      "pytest_passed": 8,
      "pytest_failed": 1,
      "pytest_total": 9,
      "probe_recall": 0.5,
      "workspace_fidelity": 0.9473684210526315,
      "elapsed_s": 37.837910652160645,
      "probe_details": [
        {
          "id": "s2_p5",
          "metric_tag": "interference",
          "probe_type": "compare",
          "chain_depth": 1,
          "score": 0.5,
          "num_turns": 1,
          "response_text": "The two tag-related commands are:\n\n1. `tag.filter`: This command returns a subset of notes based on specified tags.\n2. `tag.sort`: This command returns all notes in a new order based on specified tags."
        }
      ],
      "m_interference": 0.5,
      "m_compression": 0.9473684210526315,
      "m_revision_explicit": null,
      "m_revision_latent_abs_err": null,
      "probe_turns_mean": 1.0,
      "probe_turns_max": 1,
      "probe_turns_when_correct": 1.0,
      "probe_turns_when_wrong": null
    },
    {
      "session": 3,
      "task_prompt_tokens": 63369,
      "task_score_coarse": 1.0,
      "pytest_pass_rate": 0.75,
      "pytest_passed": 9,
      "pytest_failed": 3,
      "pytest_total": 12,
      "probe_recall": 0.8,
      "workspace_fidelity": 0.95,
      "elapsed_s": 70.75974798202515,
      "probe_details": [
        {
          "id": "s3_p6",
          "metric_tag": "version_accuracy",
          "probe_type": "compare",
          "chain_depth": 2,
          "score": 0.8,
          "num_turns": 3,
          "response_text": "The current required fields in the note schema, as defined in the `add` command of the `cli.py` file, are:\n\n1. `id`: Automatically assigned as the next available integer based on the number of existing notes.\n2. `title`: Required field, provided via the `--title` option.\n3. `body`: Required field, p"
        }
      ],
      "m_version_accuracy": 0.8,
      "m_compression": 0.95,
      "m_interference": null,
      "m_revision_explicit": 0.8,
      "m_revision_latent_abs_err": null,
      "probe_turns_mean": 3.0,
      "probe_turns_max": 3,
      "probe_turns_when_correct": 3.0,
      "probe_turns_when_wrong": null
    },
    {
      "session": 4,
      "task_prompt_tokens": 32890,
      "task_score_coarse": 1.0,
      "pytest_pass_rate": 0.6923076923076923,
      "pytest_passed": 9,
      "pytest_failed": 4,
      "pytest_total": 13,
      "probe_recall": 0.41666666666666663,
      "workspace_fidelity": 0.8518518518518519,
      "elapsed_s": 73.11078715324402,